class@BMLF,a@CSA,a@EQF,a@GTQ,a@AEI,a@SGT,a@SAE,a@QLY,a@YNE,a@NEQ,a@ISG,a@LYN,a@EIS,a@TQL
class@M1,a@AGR,a@RAF,a@SSI,a@IRS,a@SIR,a@CAS,a@SAG,a@RSA,a@GRA,a@ASS
class@M1,a@SRP,a@QKE,a@PAG,a@RPP,a@KET,a@PPP,a@ETQ,a@CAS,a@PPA,a@GQK,a@TQY,a@ASR,a@AGQ
class@M1,a@QGG,a@GGT,a@SSG,a@TEA,a@EAF,a@GTE,a@CAS,a@SGQ,a@GQG,a@ASS
class@M1,a@RST,a@DTQ,a@SMR,a@STD,a@MRS,a@CAS,a@TDT,a@TQY,a@SSM,a@ASS
class@BMLF,a@SGN,a@CSA,a@GNT,a@NTI,a@TIY,a@RLR,a@REL,a@ELS,a@SAR,a@LRE,a@ARL,a@LSG
class@BMLF,a@EQF,a@HDE,a@SSV,a@WTG,a@CAS,a@TGH,a@DEQ,a@VWT,a@ASS,a@SVW,a@GHD
class@pp65,a@NIQ,a@AKN,a@KNI,a@IQY,a@SIS,a@ISD,a@SDL,a@DLA,a@AWS,a@LAK,a@CAW,a@WSI
class@M1,a@SQT,a@QTY,a@TYE,a@EQY,a@SSQ,a@YEQ,a@CAS,a@ASS
class@M1,a@SSY,a@EQF,a@SSI,a@IRS,a@RSS,a@SIR,a@SYE,a@YEQ,a@CAS,a@ASS
class@M1,a@SSR,a@QLY,a@EQY,a@YEQ,a@LYE,a@CAS,a@SRG,a@RGQ,a@ASS,a@GQL
class@BMLF,a@NEK,a@TNE,a@GTQ,a@SVG,a@EKL,a@QGT,a@VGT,a@CSV,a@TQG,a@GTN,a@KLF
class@BMLF,a@CSA,a@RDG,a@GYT,a@NGY,a@GTG,a@GNG,a@SAR,a@DGT,a@TGN,a@ARD
class@M1,a@SSY,a@VRS,a@EQY,a@RSS,a@SYE,a@SSV,a@YEQ,a@CAS,a@SVR,a@ASS
class@M1,a@SLR,a@SSL,a@SSY,a@EQY,a@LRS,a@RSS,a@SYE,a@YEQ,a@CAS,a@ASS
class@M1,a@ASY,a@SSI,a@EQY,a@IRA,a@SYE,a@SIR,a@YEQ,a@RAS,a@CAS,a@ASS
class@M1,a@SSY,a@SSI,a@EQY,a@IRS,a@RSS,a@SIR,a@SYE,a@YEQ,a@CAS,a@ASS
class@M1,a@SSY,a@SSI,a@EQY,a@IRS,a@RSS,a@SIR,a@SYE,a@YEQ,a@CAS,a@ASS
class@M1,a@EQF,a@VEQ,a@SVE,a@SSI,a@IRS,a@RSS,a@SIR,a@SSV,a@CAS,a@ASS
class@M1,a@DRA,a@EQF,a@SSD,a@RAG,a@GNE,a@SDR,a@NEQ,a@CAS,a@AGN,a@ASS
class@M1,a@SSY,a@VRS,a@EQY,a@RSS,a@SYE,a@SSV,a@YEQ,a@CAS,a@SVR,a@ASS
class@pp65,a@PGT,a@SGP,a@DTQ,a@ASG,a@CAS,a@GPG,a@TSA,a@SAT,a@ATD,a@TQY,a@GTS,a@TDT
class@M1,a@SMR,a@MRS,a@GEL,a@ELF,a@CAS,a@SAG,a@SSM,a@RSA,a@AGE,a@ASS
class@M1,a@SLR,a@SSL,a@SSY,a@EQY,a@LRS,a@RSS,a@SYE,a@YEQ,a@CAS,a@ASS
class@M1,a@SSY,a@TRS,a@EQY,a@SST,a@RSS,a@SYE,a@YEQ,a@STR,a@CAS,a@ASS
class@BMLF,a@CSA,a@DRV,a@RVG,a@NGY,a@GYT,a@GNG,a@SAR,a@RDR,a@VGN,a@ARD
class@M1,a@SSR,a@EQF,a@SSS,a@SAN,a@SRS,a@ANE,a@NEQ,a@CAS,a@RSA,a@ASS
class@M1,a@SSY,a@SSI,a@EQY,a@IRS,a@RSS,a@SIR,a@SYE,a@YEQ,a@CAS,a@ASS
class@M1,a@SSY,a@SSR,a@SSS,a@EQY,a@RSS,a@SRS,a@SYE,a@YEQ,a@CAS,a@ASS
class@BMLF,a@CSA,a@TGN,a@RTG,a@GYT,a@NGY,a@GNG,a@SAR,a@RDR,a@DRT,a@ARD
class@M1,a@YGS,a@SVE,a@EDY,a@GYT,a@SSV,a@VSY,a@YGY,a@CAS,a@GSV,a@SVS,a@DYG,a@SYG,a@ASS,a@VED
class@M1,a@ANS,a@CSA,a@EQF,a@NSD,a@DRV,a@SYN,a@SAN,a@RVS,a@VSY,a@SDR,a@YNE,a@NEQ
class@M1,a@SSY,a@SSI,a@EQY,a@IRS,a@RSS,a@SIR,a@SYE,a@YEQ,a@CAS,a@ASS
class@M1,a@EQF,a@SGS,a@GSY,a@SIS,a@SSI,a@SYN,a@SSG,a@YNE,a@NEQ,a@CAS,a@ISS,a@ASS
class@M1,a@SSY,a@EQF,a@SYN,a@SVV,a@SSV,a@YNE,a@NEQ,a@CAS,a@VAS,a@VVA,a@ASS
class@M1,a@CSA,a@GGD,a@LRV,a@DSV,a@ARG,a@RGG,a@EQY,a@RVG,a@SVL,a@GEQ,a@GDS,a@SAR,a@VLR,a@VGE
class@M1,a@SIG,a@SSI,a@GYT,a@IGT,a@YGY,a@TYG,a@CAS,a@GTY,a@ASS
class@pp65,a@SSS,a@YYG,a@GYT,a@SAY,a@AYY,a@ASS,a@YGY,a@CAS,a@SSA
class@BMLF,a@NEK,a@AGG,a@GAG,a@TNE,a@SVG,a@GGT,a@EKL,a@VGA,a@CSV,a@GTN,a@KLF
class@M1,a@SSY,a@TRS,a@EQY,a@SST,a@RSS,a@SYE,a@YEQ,a@STR,a@CAS,a@ASS
class@pp65,a@FDE,a@SSY,a@DEK,a@YFD,a@EKL,a@SYF,a@CAS,a@KLF,a@ASS
class@BMLF,a@DST,a@CSA,a@STG,a@GYT,a@NGY,a@GNG,a@SAR,a@RDS,a@TGN,a@ARD
class@M1,a@TRS,a@RST,a@DTQ,a@STD,a@SST,a@STR,a@CAS,a@TDT,a@TQY,a@ASS
class@M1,a@SSS,a@DYE,a@SSP,a@PTS,a@EQY,a@YEQ,a@CAS,a@GDY,a@SPT,a@SGD,a@TSG,a@ASS
class@M1,a@IFS,a@SGG,a@IQY,a@SSI,a@QNI,a@FSG,a@GQN,a@SIF,a@CAS,a@GGQ,a@NIQ,a@ASS
class@M1,a@SSP,a@EQY,a@GEQ,a@SPL,a@CAS,a@IGE,a@ASS,a@PLI,a@LIG
class@M1,a@SSY,a@SSI,a@EQY,a@IRS,a@RSS,a@SIR,a@SYE,a@YEQ,a@CAS,a@ASS
class@M1,a@SSY,a@VRS,a@EQY,a@RSS,a@SYE,a@SSV,a@YEQ,a@CAS,a@SVR,a@ASS
class@M1,a@SSY,a@SSI,a@EQY,a@IRS,a@RSS,a@SIR,a@SYE,a@YEQ,a@CAS,a@ASS
class@M1,a@SSY,a@SSI,a@EQY,a@IRS,a@RSS,a@SIR,a@SYE,a@YEQ,a@CAS,a@ASS
class@M1,a@PGY,a@GYE,a@EQY,a@QDP,a@SSQ,a@YEQ,a@CAS,a@DPG,a@ASS,a@SQD
class@M1,a@SGR,a@RST,a@DTQ,a@STD,a@GRS,a@SSG,a@CAS,a@TDT,a@TQY,a@ASS
class@M1,a@STG,a@RST,a@TGE,a@KRS,a@GEL,a@SKR,a@CAS,a@ELF,a@SSK,a@ASS
class@pp65,a@NGG,a@AVN,a@NYG,a@SNY,a@GYT,a@YGY,a@GSN,a@CAV,a@VNG,a@GGS
class@pp65,a@QGL,a@LGR,a@REG,a@EQF,a@SQG,a@EGA,a@SSQ,a@ASE,a@CAS,a@GRE,a@GAS,a@SEQ,a@GLG,a@ASS
class@M1,a@SSY,a@YSG,a@GHV,a@NTE,a@TEA,a@EAF,a@CAS,a@SGH,a@VNT,a@HVN,a@ASS,a@SYS
class@M1,a@SSI,a@TGE,a@IRA,a@SIR,a@GEL,a@ELF,a@CAS,a@RAT,a@ATG,a@ASS
class@M1,a@SSL,a@RNT,a@TYE,a@EQY,a@ERN,a@SLE,a@NTY,a@YEQ,a@CAS,a@ASS,a@LER
class@M1,a@PQG,a@QGA,a@EQY,a@STP,a@AST,a@YEQ,a@CAS,a@GAY,a@TPQ,a@AYE
class@M1,a@SSR,a@SSS,a@RST,a@DTQ,a@STD,a@SRS,a@CAS,a@TDT,a@TQY,a@ASS
class@M1,a@RST,a@DTQ,a@STD,a@FRS,a@CAS,a@SSF,a@TDT,a@TQY,a@SFR,a@ASS
class@pp65,a@SGY,a@CSA,a@KGQ,a@TKG,a@TDV,a@LIS,a@QLI,a@GYT,a@VTK,a@ATD,a@ISG,a@SAT,a@DVT,a@GQL
class@BMLF,a@SSY,a@SPV,a@GSS,a@SGS,a@SSP,a@EQY,a@SYE,a@YEQ,a@CAS,a@PVS,a@ASS,a@VSG
class@M1,a@DHP,a@ELW,a@HPG,a@LWK,a@SDH,a@SSD,a@PGS,a@SRE,a@KHH,a@CAS,a@REL,a@WKH,a@HHI,a@GSR,a@ASS
class@M1,a@SSY,a@VRS,a@EQY,a@RSS,a@SYE,a@SSV,a@YEQ,a@CAS,a@SVR,a@ASS
class@M1,a@SSR,a@SSS,a@SRA,a@TGE,a@GEL,a@ELF,a@CAS,a@RAT,a@ATG,a@ASS
class@M1,a@SSY,a@SSI,a@EQY,a@IRS,a@RSS,a@SIR,a@SYE,a@YEQ,a@CAS,a@ASS
class@M1,a@SSY,a@SSI,a@EQY,a@IRS,a@RSS,a@SIR,a@SYE,a@YEQ,a@CAS,a@ASS
class@M1,a@PYN,a@EQF,a@SPY,a@SSP,a@LGS,a@SPL,a@YNE,a@NEQ,a@CAS,a@SLG,a@PLS,a@ASS,a@GSP,a@LSL
class@M1,a@SGR,a@DTQ,a@GRS,a@SSG,a@SAD,a@CAS,a@TQY,a@ADT,a@RSA,a@ASS
class@M1,a@SGG,a@EQF,a@LVH,a@GGL,a@HEQ,a@ASG,a@CAS,a@GLV,a@VHE
class@BMLF,a@PGE,a@GQV,a@SPG,a@GEL,a@ASS,a@ELF,a@CAS,a@SAG,a@QVS,a@VSP,a@SSA,a@AGQ
class@M1,a@CAT,a@NFG,a@GDL,a@FGT,a@DTQ,a@ERG,a@GTD,a@SER,a@RGD,a@TSE,a@LNF,a@TQY,a@TDT,a@DLN,a@ATS
class@BMLF,a@CSA,a@EPG,a@SGG,a@AEP,a@PGT,a@GGL,a@LQY,a@SAE,a@GLQ,a@TSG,a@GTS
class@M1,a@TTY,a@SSR,a@TYE,a@EQY,a@RVG,a@GTT,a@VGT,a@SRV,a@YEQ,a@CAS,a@ASS
class@M1,a@SSY,a@SSI,a@EQY,a@IRS,a@RSS,a@SIR,a@SYE,a@YEQ,a@CAS,a@ASS
class@BMLF,a@NEK,a@SGG,a@TNE,a@SVG,a@GGT,a@EKL,a@CSV,a@GSG,a@VGS,a@GTN,a@KLF
class@M1,a@SSY,a@SSI,a@EQY,a@IRS,a@RSS,a@SIR,a@SYE,a@YEQ,a@CAS,a@ASS
class@M1,a@SSY,a@SSI,a@EQY,a@IRS,a@RSS,a@SIR,a@SYE,a@YEQ,a@CAS,a@ASS
class@M1,a@SSY,a@EQY,a@YRS,a@RSS,a@SYE,a@YEQ,a@CAS,a@ASS,a@SYR
class@M1,a@SSY,a@SSI,a@EQY,a@IRS,a@RSS,a@SIR,a@SYE,a@YEQ,a@CAS,a@ASS
class@BMLF,a@CSA,a@TGN,a@RTG,a@GYT,a@NGY,a@GNG,a@SAR,a@RDR,a@DRT,a@ARD
class@M1,a@TAD,a@GAT,a@DTQ,a@SSV,a@CAS,a@SVS,a@SGA,a@TQY,a@ADT,a@ATA,a@ASS,a@VSG
class@BMLF,a@VQE,a@PGT,a@TVQ,a@VPG,a@QET,a@SVP,a@CSV,a@GTV,a@ETQ,a@TQY
class@M1,a@EQF,a@GAW,a@SEA,a@SSE,a@EAI,a@CAS,a@ISG,a@AIS,a@SGA,a@AWD,a@WDE,a@DEQ,a@ASS
class@M1,a@SGR,a@SRS,a@RSG,a@REA,a@EAF,a@CAS,a@GRE,a@ASR
class@BMLF,a@PGG,a@GTQ,a@SQS,a@SPG,a@GGT,a@SSQ,a@CAS,a@TQY,a@ASS,a@QSP
class@M1,a@AAD,a@DTQ,a@SSI,a@IRA,a@RAA,a@SIR,a@CAS,a@TQY,a@ADT,a@ASS
class@M1,a@SSY,a@SSI,a@EQY,a@IRS,a@RSS,a@SIR,a@SYE,a@YEQ,a@CAS,a@ASS
class@M1,a@GIN,a@SSW,a@NYG,a@GYT,a@YGY,a@INY,a@WEG,a@CAS,a@SWE,a@EGI,a@ASS
class@BMLF,a@VLP,a@TPG,a@PGT,a@TVL,a@DTQ,a@LPD,a@STP,a@AST,a@PDT,a@GTV,a@CAS,a@TQY
class@M1,a@ASY,a@SSI,a@EQY,a@IRA,a@SYE,a@SIR,a@YEQ,a@RAS,a@CAS,a@ASS
class@pp65,a@RSP,a@SGR,a@SPY,a@SET,a@EQY,a@GRS,a@YEQ,a@SSE,a@CAS,a@ETS,a@PYE,a@TSG,a@ASS
class@M1,a@PRT,a@TGP,a@SSI,a@TEA,a@EAF,a@CAS,a@LTG,a@SIL,a@GPR,a@RTE,a@ASS,a@ILT
class@M1,a@PSG,a@SSL,a@LIF,a@SGE,a@EQY,a@ASS,a@GEQ,a@IFP,a@FPS,a@CAS,a@SLI
class@BMLF,a@CSA,a@TGN,a@RTG,a@GYT,a@NGY,a@GNG,a@SAR,a@RDR,a@DRT,a@ARD
class@M1,a@ASL,a@PRA,a@SSP,a@EQY,a@SLE,a@RAS,a@CAS,a@LEQ,a@SPR,a@ASS
class@M1,a@SSY,a@SSI,a@EQY,a@IRS,a@RSS,a@SIR,a@SYE,a@YEQ,a@CAS,a@ASS
class@BMLF,a@DST,a@CSA,a@STG,a@GYT,a@NGY,a@GNG,a@SAR,a@RDS,a@TGN,a@ARD
class@BMLF,a@CSA,a@ARG,a@EQY,a@QGD,a@DEQ,a@SAR,a@GQG,a@RGQ,a@GDE
class@M1,a@TRS,a@RST,a@DTQ,a@STD,a@SST,a@STR,a@CAS,a@TDT,a@TQY,a@ASS
class@BMLF,a@CSA,a@GNT,a@TIY,a@DRV,a@RVG,a@SAR,a@RDR,a@NTI,a@VGN,a@ARD
class@M1,a@SSR,a@SSS,a@SRS,a@GEL,a@ELF,a@CAS,a@SAG,a@RSA,a@AGE,a@ASS
class@M1,a@SSI,a@EQY,a@IRS,a@SAY,a@SIR,a@YEQ,a@CAS,a@RSA,a@ASS,a@AYE
class@M1,a@SSY,a@SSI,a@EQY,a@IRS,a@RSS,a@SIR,a@SYE,a@YEQ,a@CAS,a@ASS
class@M1,a@STG,a@RST,a@SSI,a@TGE,a@IRS,a@SIR,a@GEL,a@ELF,a@CAS,a@ASS
class@M1,a@SSY,a@SSI,a@EQY,a@IRS,a@RSS,a@SIR,a@SYE,a@YEQ,a@CAS,a@ASS
class@M1,a@SGY,a@SSI,a@GYE,a@EQY,a@IRS,a@SIR,a@RSG,a@YEQ,a@CAS,a@ASS
class@BMLF,a@NEK,a@GSD,a@TNE,a@SVG,a@EKL,a@CSV,a@GTN,a@VGS,a@KLF,a@SDG,a@DGT
class@M1,a@SSY,a@SSI,a@EQY,a@IRS,a@RSS,a@SIR,a@SYE,a@YEQ,a@CAS,a@ASS
class@M1,a@DYE,a@SSI,a@EQY,a@IRS,a@SIR,a@YEQ,a@CAS,a@SDY,a@RSD,a@ASS
class@BMLF,a@DST,a@CSA,a@STG,a@GYT,a@NGY,a@GNG,a@SAR,a@RDS,a@TGN,a@ARD
class@BMLF,a@AGG,a@GGD,a@EQF,a@SVA,a@SSV,a@CAS,a@DEQ,a@VAG,a@ASS,a@GDE
class@M1,a@SGY,a@SSI,a@GYE,a@EQY,a@IRS,a@SIR,a@RSG,a@YEQ,a@CAS,a@ASS
class@M1,a@TRS,a@RST,a@DTQ,a@STD,a@SST,a@STR,a@CAS,a@TDT,a@TQY,a@ASS
class@pp65,a@STG,a@SPS,a@TGV,a@SSP,a@GYT,a@YGY,a@CAS,a@VTF,a@FYG,a@PST,a@TFY,a@ASS,a@GVT
class@BMLF,a@CSA,a@RDT,a@DTT,a@GYT,a@NGY,a@TTG,a@GNG,a@SAR,a@TGN,a@ARD
class@pp65,a@AIT,a@CAT,a@TST,a@TAI,a@STQ,a@TQY,a@ATA,a@ITS
class@M1,a@SSI,a@EQY,a@IRS,a@SAY,a@SIR,a@YEQ,a@CAS,a@RSA,a@ASS,a@AYE
class@M1,a@SSY,a@SSI,a@EQY,a@IRS,a@RSS,a@SIR,a@SYE,a@YEQ,a@CAS,a@ASS
class@M1,a@SGE,a@SSI,a@EQY,a@SIR,a@GEQ,a@CAS,a@GSG,a@IRG,a@RGS,a@ASS
class@pp65,a@CAT,a@EQY,a@TEQ,a@EQG,a@HEQ,a@ATE,a@GMH,a@MHE,a@QGM
class@M1,a@SSY,a@SSI,a@EQY,a@IRS,a@RSS,a@SIR,a@SYE,a@YEQ,a@CAS,a@ASS
class@M1,a@SSY,a@GLE,a@EQF,a@YGL,a@CAS,a@LEQ,a@SYG,a@ASS
class@pp65,a@STY,a@GST,a@FPK,a@TYE,a@KDG,a@EQY,a@YEQ,a@CAS,a@SSF,a@SFP,a@DGS,a@PKD,a@ASS
class@M1,a@SLR,a@SSL,a@RST,a@DTQ,a@STD,a@LRS,a@CAS,a@TDT,a@TQY,a@ASS
class@pp65,a@SSY,a@EQF,a@PSS,a@SYN,a@SVT,a@SSV,a@YNE,a@NEQ,a@CAS,a@TPS,a@VTP,a@ASS
class@M1,a@SLN,a@GSL,a@PQH,a@NQP,a@LNQ,a@CAS,a@SRG,a@RGS,a@QPQ,a@ASR
class@pp65,a@SIV,a@VNE,a@IVN,a@SSI,a@NEA,a@EAF,a@CAS,a@ASS
class@M1,a@SSY,a@SSI,a@EQY,a@IRS,a@RSS,a@SIR,a@SYE,a@YEQ,a@CAS,a@ASS
class@M1,a@SSI,a@EQY,a@IRS,a@SAY,a@SIR,a@YEQ,a@CAS,a@RSA,a@ASS,a@AYE
class@pp65,a@SGR,a@SSS,a@DYE,a@GRD,a@EQY,a@SSG,a@YEQ,a@CAS,a@RDY,a@ASS
class@M1,a@SSR,a@ASY,a@SSS,a@SRA,a@EQY,a@SYE,a@YEQ,a@RAS,a@CAS,a@ASS
class@BMLF,a@PGG,a@SQS,a@SPG,a@QQF,a@SSQ,a@GQQ,a@GGQ,a@CAS,a@ASS,a@QSP
class@M1,a@SSY,a@VRS,a@EQY,a@RSS,a@SYE,a@SSV,a@YEQ,a@CAS,a@SVR,a@ASS
class@BMLF,a@DST,a@CSA,a@STG,a@GYT,a@NGY,a@GNG,a@SAR,a@RDS,a@TGN,a@ARD
class@M1,a@SSR,a@SSS,a@EQY,a@SAY,a@SRS,a@YEQ,a@CAS,a@RSA,a@ASS,a@AYE
class@pp65,a@ALY,a@EQF,a@YNE,a@NEQ,a@CAS,a@SMT,a@MTS,a@SGA,a@LYN,a@SSM,a@TSG,a@GAL,a@ASS
class@M1,a@SNQ,a@SRI,a@IDS,a@PQH,a@NQP,a@DSN,a@CAS,a@RID,a@QPQ,a@ASR
class@pp65,a@TGY,a@KTG,a@SWK,a@GGT,a@TGT,a@SSW,a@TGG,a@GYT,a@GTG,a@CAS,a@WKT,a@ASS
class@M1,a@SSY,a@SSI,a@EQY,a@IRS,a@RSS,a@SIR,a@SYE,a@YEQ,a@CAS,a@ASS
class@M1,a@SGY,a@TRS,a@GYE,a@EQY,a@SST,a@RSG,a@YEQ,a@STR,a@CAS,a@ASS
class@M1,a@SSY,a@SSI,a@EQY,a@IRS,a@RSS,a@SIR,a@SYE,a@YEQ,a@CAS,a@ASS
class@M1,a@IGL,a@GLY,a@SIG,a@SSI,a@GYT,a@YGY,a@CAS,a@LYG,a@ASS
class@pp65,a@NIQ,a@AKN,a@KNI,a@IQY,a@SIS,a@ISD,a@SDL,a@DLA,a@AWS,a@LAK,a@CAW,a@WSI
class@pp65,a@ANY,a@SAN,a@NYG,a@GYT,a@YGY,a@CAS,a@SAS,a@ASA
class@pp65,a@GLA,a@PYS,a@EQF,a@SPY,a@SPG,a@SSP,a@SYN,a@LAS,a@ASP,a@YSY,a@YNE,a@NEQ,a@CAS,a@ASS,a@PGL
class@M1,a@SGV,a@VEQ,a@SSI,a@EQY,a@IRS,a@SIR,a@RSG,a@CAS,a@GVE,a@ASS
class@M1,a@RST,a@DTQ,a@STD,a@KRS,a@SKR,a@CAS,a@TDT,a@TQY,a@SSK,a@ASS
class@M1,a@SSY,a@SSI,a@EQY,a@IRS,a@RSS,a@SIR,a@SYE,a@YEQ,a@CAS,a@ASS
class@M1,a@SSY,a@SSI,a@EQY,a@IRS,a@RSS,a@SIR,a@SYE,a@YEQ,a@CAS,a@ASS
class@M1,a@GAV,a@AVE,a@SSP,a@PPG,a@VET,a@PPP,a@ETQ,a@CAS,a@PGA,a@TQY,a@ASS,a@SPP
class@M1,a@RDG,a@SSP,a@QET,a@ETQ,a@CAS,a@DGQ,a@GQE,a@PRD,a@TQY,a@SPR,a@ASS
class@M1,a@SSY,a@SSI,a@EQY,a@IRS,a@RSS,a@SIR,a@SYE,a@YEQ,a@CAS,a@ASS
class@M1,a@SGN,a@GNT,a@NTI,a@TIY,a@IMG,a@SSI,a@MGS,a@CAS,a@GSG,a@SIM,a@ASS
class@BMLF,a@EQF,a@SVV,a@GNE,a@VVG,a@SSV,a@NEQ,a@CAS,a@GGN,a@VGG,a@ASS
class@M1,a@VSL,a@LDT,a@DTQ,a@WVS,a@SSW,a@SLD,a@CAS,a@TQY,a@SWV,a@ASS
class@M1,a@STG,a@RST,a@SSI,a@TGE,a@IRS,a@SIR,a@GEL,a@ELF,a@CAS,a@ASS
class@BMLF,a@STY,a@YSG,a@GQS,a@SST,a@TYS,a@GYT,a@YGY,a@CAS,a@SGQ,a@SYG,a@ASS,a@QSY
class@pp65,a@PSG,a@SGG,a@EQF,a@SSS,a@SSD,a@DPS,a@YNE,a@NEQ,a@CAS,a@GGG,a@GGY,a@GYN,a@SDP,a@ASS
class@M1,a@SSY,a@SSI,a@EQY,a@IRS,a@RSS,a@SIR,a@SYE,a@YEQ,a@CAS,a@ASS
class@pp65,a@SGY,a@SSS,a@GYT,a@SSV,a@CAS,a@SVS,a@ASS,a@VSG
class@M1,a@SSY,a@SSI,a@EQY,a@IRS,a@RSS,a@SIR,a@SYE,a@YEQ,a@CAS,a@ASS
class@M1,a@SSD,a@TGG,a@GIL,a@EQY,a@YEQ,a@GTG,a@CAS,a@GGI,a@ILY,a@SDG,a@DGT,a@LYE,a@ASS
class@M1,a@SSY,a@SSI,a@EQY,a@IRS,a@RSS,a@SIR,a@SYE,a@YEQ,a@CAS,a@ASS
class@BMLF,a@SSL,a@TGS,a@SLW,a@EQY,a@GSH,a@HEQ,a@WTG,a@CAS,a@SHE,a@LWT,a@ASS
class@M1,a@STG,a@RST,a@SSI,a@TGE,a@IRS,a@SIR,a@GEL,a@ELF,a@CAS,a@ASS
class@pp65,a@SNQ,a@TDS,a@PQH,a@NQP,a@SGT,a@GTD,a@SSG,a@DSN,a@CAS,a@QPQ,a@ASS
class@BMLF,a@EQF,a@GAG,a@SSS,a@AGL,a@GLD,a@LDE,a@SSG,a@CAS,a@SGA,a@DEQ,a@ASS
class@BMLF,a@SVG,a@GGE,a@EQY,a@SSV,a@YEQ,a@CAS,a@VGG,a@GEA,a@AYE,a@ASS,a@EAY
class@M1,a@SSY,a@SSI,a@EQY,a@IRS,a@RSS,a@SIR,a@SYE,a@YEQ,a@CAS,a@ASS
class@BMLF,a@GGD,a@EQF,a@REG,a@SSP,a@RGY,a@PDR,a@DRG,a@YNE,a@EGG,a@SPD,a@CAS,a@GYN,a@NEQ,a@DRE,a@GDR,a@ASS
class@M1,a@SSY,a@VRS,a@EQY,a@RSS,a@SYE,a@SSV,a@YEQ,a@CAS,a@SVR,a@ASS
class@pp65,a@CAT,a@GRG,a@RGG,a@EQY,a@IGE,a@GEQ,a@GMI,a@MIG,a@TGR,a@ATG,a@GGM
class@M1,a@SSI,a@EQY,a@IRS,a@SAY,a@SIR,a@YEQ,a@CAS,a@RSA,a@ASS,a@AYE
class@M1,a@EQF,a@VEQ,a@SQV,a@SSI,a@RSQ,a@IRS,a@SIR,a@QVE,a@CAS,a@ASS
class@M1,a@SSY,a@SSI,a@EQY,a@IRS,a@RSS,a@SIR,a@SYE,a@YEQ,a@CAS,a@ASS
class@M1,a@SSL,a@VFE,a@EAF,a@FEA,a@CAS,a@LTL,a@TLV,a@LVF,a@ASS,a@SLT
class@pp65,a@SGR,a@RAH,a@SVA,a@EQY,a@SSV,a@HEQ,a@ASG,a@CAS,a@VAS,a@AHE,a@GRA,a@ASS
class@pp65,a@SSL,a@YTE,a@GYT,a@LEG,a@SLE,a@TEA,a@EAF,a@CAS,a@EGY,a@ASS
class@BMLF,a@DST,a@CSA,a@STG,a@GYT,a@NGY,a@GNG,a@SAR,a@RDS,a@TGN,a@ARD
class@M1,a@SSY,a@SSI,a@EQY,a@IRS,a@RSS,a@SIR,a@SYE,a@YEQ,a@CAS,a@ASS
class@pp65,a@SSY,a@TGS,a@YSW,a@NYG,a@SNY,a@GYT,a@YGY,a@WTG,a@GSN,a@CAS,a@SWT,a@ASS,a@SYS
class@M1,a@IGL,a@GLY,a@SIG,a@SSI,a@GYT,a@YGY,a@CAS,a@LYG,a@ASS
class@M1,a@SGR,a@RST,a@DTQ,a@STD,a@GRS,a@SSG,a@CAS,a@TDT,a@TQY,a@ASS
class@pp65,a@EQF,a@SYN,a@SFA,a@HLS,a@LSY,a@FAH,a@YNE,a@NEQ,a@CAS,a@SSF,a@AHL,a@ASS
class@pp65,a@CAT,a@SDR,a@TEA,a@ATE,a@EAF,a@TSA,a@RTS,a@SAT,a@TSD,a@DRT,a@ATS
class@M1,a@TGY,a@YTE,a@RTG,a@GYT,a@SSV,a@TEA,a@EAF,a@CAS,a@VRT,a@SVR,a@ASS
class@M1,a@SSY,a@SSI,a@EQY,a@IRS,a@RSS,a@SIR,a@SYE,a@YEQ,a@CAS,a@ASS
class@BMLF,a@SGG,a@SSY,a@GSS,a@SYQ,a@QET,a@ASG,a@CAS,a@ETQ,a@TQY,a@YQE,a@GGS
class@pp65,a@NIQ,a@AKN,a@KNI,a@IQY,a@SIS,a@ISD,a@SDL,a@DLA,a@AWS,a@LAK,a@CAW,a@WSI
class@BMLF,a@CSA,a@RDT,a@DTV,a@GYT,a@NGY,a@TVG,a@GNG,a@SAR,a@VGN,a@ARD
class@BMLF,a@SIS,a@SSI,a@GYT,a@YGY,a@CAS,a@ISG,a@GDY,a@DYG,a@SGD,a@ASS
class@M1,a@SNQ,a@YSN,a@NQP,a@PQH,a@SFY,a@CAS,a@SSF,a@FYS,a@QPQ,a@ASS
class@M1,a@AAY,a@EQY,a@RAA,a@SST,a@TRA,a@YEQ,a@STR,a@CAS,a@ASS,a@AYE
class@M1,a@SSY,a@VRS,a@EQY,a@RSS,a@SYE,a@SSV,a@YEQ,a@CAS,a@SVR,a@ASS
class@BMLF,a@GST,a@TAP,a@STA,a@PGE,a@SPG,a@SSP,a@GEL,a@PGS,a@ELF,a@CAS,a@APG,a@ASS
class@M1,a@SSY,a@SSI,a@EQY,a@IRS,a@RSS,a@SIR,a@SYE,a@YEQ,a@CAS,a@ASS
class@pp65,a@STG,a@SPS,a@TGV,a@SSP,a@GYT,a@YGY,a@CAS,a@VTF,a@FYG,a@PST,a@TFY,a@ASS,a@GVT
class@M1,a@SSY,a@SSI,a@EQY,a@IRS,a@RSS,a@SIR,a@SYE,a@YEQ,a@CAS,a@ASS
class@M1,a@SET,a@SSI,a@IRS,a@RSS,a@SIR,a@SSE,a@ETQ,a@CAS,a@TQY,a@ASS
class@M1,a@RST,a@DTQ,a@SSI,a@STD,a@IRS,a@SIR,a@CAS,a@TDT,a@TQY,a@ASS
class@M1,a@SRL,a@EQY,a@RLA,a@GSH,a@HEQ,a@CAS,a@AGS,a@SHE,a@ASR,a@LAG
class@M1,a@SSY,a@SSR,a@SSS,a@EQY,a@RSS,a@SRS,a@SYE,a@YEQ,a@CAS,a@ASS
class@M1,a@GGP,a@AGG,a@GAG,a@EQF,a@GPL,a@LNE,a@PLN,a@ASG,a@CAS,a@NEQ,a@SGA
class@M1,a@ASY,a@SSI,a@EQY,a@IRA,a@SYE,a@SIR,a@YEQ,a@RAS,a@CAS,a@ASS
class@M1,a@SLR,a@SSL,a@RST,a@DTQ,a@STD,a@LRS,a@CAS,a@TDT,a@TQY,a@ASS
class@M1,a@IGL,a@GLY,a@SIG,a@SSI,a@GYT,a@YGY,a@CAS,a@LYG,a@ASS
class@M1,a@SSP,a@RGG,a@GMT,a@PRG,a@CAS,a@MTQ,a@TQH,a@SPR,a@GGM,a@ASS
class@M1,a@SSY,a@SSI,a@EQY,a@IRS,a@RSS,a@SIR,a@SYE,a@YEQ,a@CAS,a@ASS
class@M1,a@SSY,a@SSI,a@EQY,a@IRS,a@RSS,a@SIR,a@SYE,a@YEQ,a@CAS,a@ASS
class@M1,a@SSY,a@SSI,a@EQY,a@IRS,a@RSS,a@SIR,a@SYE,a@YEQ,a@CAS,a@ASS
class@pp65,a@ANT,a@SDV,a@NTE,a@VSD,a@TEA,a@EAF,a@DVA,a@AWS,a@SVS,a@VAN,a@CAW,a@WSV
class@M1,a@IEG,a@GGR,a@QGG,a@HTQ,a@EGQ,a@STI,a@SST,a@TIE,a@GRH,a@CAS,a@RHT,a@TQY,a@GQG,a@ASS
class@BMLF,a@VQE,a@TVQ,a@PIT,a@QET,a@SVP,a@CSV,a@ITV,a@ETQ,a@VPI,a@TQY
class@BMLF,a@CSA,a@RDG,a@GYT,a@NGY,a@GTG,a@GNG,a@SAR,a@DGT,a@TGN,a@ARD
class@BMLF,a@PGG,a@SQA,a@GGE,a@EQY,a@SSQ,a@GEQ,a@CAS,a@APG,a@QAP,a@ASS
class@BMLF,a@PGG,a@GGE,a@SQS,a@SPG,a@EQY,a@SSQ,a@GEQ,a@CAS,a@ASS,a@QSP
class@pp65,a@NIQ,a@AKN,a@KNI,a@IQY,a@SIS,a@ISD,a@SDL,a@DLA,a@AWS,a@LAK,a@CAW,a@WSI
class@M1,a@SSI,a@EQY,a@IRS,a@SAY,a@SIR,a@YEQ,a@CAS,a@RSA,a@ASS,a@AYE
class@M1,a@SGE,a@SMR,a@MRS,a@RSG,a@ETQ,a@CAS,a@GET,a@TQY,a@SSM,a@ASS
class@M1,a@SSY,a@SSI,a@EQY,a@IRS,a@RSS,a@SIR,a@SYE,a@YEQ,a@CAS,a@ASS
class@M1,a@SSY,a@EQY,a@RSS,a@SYE,a@FRS,a@YEQ,a@CAS,a@SSF,a@SFR,a@ASS
class@M1,a@SSI,a@EQY,a@IRS,a@SAY,a@SIR,a@YEQ,a@CAS,a@RSA,a@ASS,a@AYE
class@BMLF,a@PGG,a@GGE,a@SQS,a@SPG,a@EQY,a@SSQ,a@GEQ,a@CAS,a@ASS,a@QSP
class@M1,a@SIG,a@SSI,a@IGV,a@VYG,a@GYT,a@YGY,a@CAS,a@GVY,a@ASS
class@M1,a@SGR,a@GEL,a@GRS,a@SSG,a@ELF,a@CAS,a@SAG,a@RSA,a@AGE,a@ASS
class@BMLF,a@DST,a@CSA,a@STG,a@GYT,a@NGY,a@GNG,a@SAR,a@RDS,a@TGN,a@ARD
class@M1,a@SSY,a@SSI,a@EQY,a@IRS,a@RSS,a@SIR,a@SYE,a@YEQ,a@CAS,a@ASS
class@M1,a@PTR,a@RPV,a@VEQ,a@SSP,a@PVE,a@EQY,a@CAS,a@TRP,a@SPT,a@ASS
class@BMLF,a@FET,a@TFE,a@FGT,a@ETQ,a@CAS,a@SSF,a@SFG,a@TQY,a@ASS,a@GTF
class@M1,a@SSY,a@SSI,a@EQY,a@IRS,a@RSS,a@SIR,a@SYE,a@YEQ,a@CAS,a@ASS
class@M1,a@SSI,a@EQY,a@IRS,a@SAY,a@SIR,a@YEQ,a@CAS,a@RSA,a@ASS,a@AYE
class@BMLF,a@TQY,a@DTQ,a@SGT,a@FSS,a@GTT,a@SSG,a@TTD,a@CAS,a@SSF,a@TDT,a@SFS,a@ASS
class@M1,a@SSS,a@EAS,a@SGE,a@SEA,a@SSE,a@ASG,a@CAS,a@GEN,a@ASS
class@M1,a@QDW,a@GAG,a@WGA,a@AGT,a@GTQ,a@SSQ,a@CAS,a@DWG,a@TQY,a@ASS,a@SQD
class@BMLF,a@SGG,a@SSY,a@EQF,a@LSS,a@GGL,a@SYN,a@YNE,a@GLS,a@ASG,a@CAS,a@NEQ
class@M1,a@DEK,a@EKL,a@SMR,a@MRS,a@CAS,a@SDE,a@KLF,a@RSD,a@SSM,a@ASS
class@M1,a@SSY,a@SSI,a@EQY,a@IRS,a@RSS,a@SIR,a@SYE,a@YEQ,a@CAS,a@ASS
class@M1,a@SSI,a@EQY,a@IRS,a@SIR,a@RSG,a@GWE,a@CAS,a@SGW,a@WEQ,a@ASS
class@pp65,a@SNQ,a@CSA,a@PAG,a@APP,a@YSN,a@NQP,a@PQH,a@GEY,a@SAP,a@EYS,a@PPA,a@QPQ,a@AGE
class@M1,a@SSY,a@SSI,a@EQY,a@IRS,a@RSS,a@SIR,a@SYE,a@YEQ,a@CAS,a@ASS
class@M1,a@SSY,a@SSR,a@GSS,a@SSS,a@RSR,a@EQY,a@RQY,a@SRS,a@SYE,a@QYR,a@YEQ,a@CAS,a@RGS,a@SRQ,a@ASS,a@YRG
class@M1,a@SSY,a@IAG,a@GSS,a@SSP,a@EQY,a@PIA,a@SPI,a@SYE,a@YEQ,a@CAS,a@AGS,a@ASS
class@BMLF,a@GLA,a@PGE,a@VPG,a@GEL,a@SVP,a@CSV,a@ELF,a@LAV,a@AVP,a@PGL
class@BMLF,a@CSA,a@GNT,a@TIY,a@DRV,a@RVG,a@SAR,a@RDR,a@NTI,a@VGN,a@ARD
class@M1,a@AGG,a@GMA,a@DAG,a@MAE,a@SSD,a@SDA,a@AEA,a@EAF,a@CAS,a@GGG,a@GGM,a@ASS
class@M1,a@ASY,a@SSI,a@EQY,a@IRA,a@SYE,a@SIR,a@YEQ,a@RAS,a@CAS,a@ASS
class@M1,a@SNT,a@ILS,a@SSI,a@NTE,a@TEA,a@EAF,a@LSN,a@CAS,a@SIL,a@ASS
class@M1,a@SSY,a@SSI,a@EQY,a@IRS,a@RSS,a@SIR,a@SYE,a@YEQ,a@CAS,a@ASS
class@M1,a@SSY,a@SSI,a@EQY,a@IRS,a@RSS,a@SIR,a@SYE,a@YEQ,a@CAS,a@ASS
class@M1,a@SGR,a@RST,a@DTQ,a@STD,a@GRS,a@SSG,a@CAS,a@TDT,a@TQY,a@ASS
class@M1,a@SSL,a@LFP,a@FPG,a@SLF,a@EQY,a@GEQ,a@FGE,a@CAS,a@PGF,a@GFG,a@ASS
class@M1,a@SIG,a@SSI,a@YYG,a@GYT,a@YGY,a@CAS,a@GYY,a@ASS,a@IGY
class@BMLF,a@NEK,a@TNE,a@SVG,a@GGT,a@EKL,a@TGG,a@VGT,a@CSV,a@GTG,a@GTN,a@KLF
class@M1,a@EGS,a@SSY,a@SET,a@SYL,a@QET,a@LEG,a@GSE,a@ETQ,a@CAS,a@YLE,a@TQE,a@TQY,a@ASS
class@BMLF,a@CSA,a@RDG,a@GYT,a@NGY,a@GTG,a@GNG,a@SAR,a@DGT,a@TGN,a@ARD
class@M1,a@SSY,a@YSG,a@ANT,a@TGE,a@GEL,a@YPL,a@ELF,a@CAS,a@SGA,a@SYP,a@GAN,a@NTG,a@PLL,a@ASS,a@LLY,a@LYS
class@pp65,a@AEV,a@CAT,a@LAE,a@SRD,a@NTE,a@TEA,a@EAF,a@TSR,a@RDL,a@DLA,a@VNT,a@EVN,a@ATS
class@M1,a@SSY,a@VRS,a@EQY,a@RSS,a@SYE,a@SSV,a@YEQ,a@CAS,a@SVR,a@ASS
class@M1,a@LNT,a@NTE,a@TGL,a@MTG,a@SSQ,a@TEA,a@EAF,a@CAS,a@GLN,a@SQM,a@ASS,a@QMT
class@pp65,a@RTG,a@SST,a@QET,a@TRT,a@STR,a@CAS,a@ETQ,a@GQE,a@TQY,a@TGQ,a@ASS
class@pp65,a@ASY,a@QTG,a@GYT,a@SAQ,a@YGY,a@ASS,a@CAS,a@AQT,a@GAS,a@TGA,a@SYG,a@SSA
class@BMLF,a@NEK,a@TNE,a@SVG,a@GGT,a@EKL,a@TGG,a@VGT,a@CSV,a@GTG,a@GTN,a@KLF
class@M1,a@SGN,a@EQF,a@SSP,a@GNE,a@RSG,a@NEQ,a@CAS,a@PRS,a@SPR,a@ASS
class@M1,a@SKQ,a@KQT,a@TGT,a@QTG,a@GNY,a@NYG,a@GYT,a@YGY,a@GTG,a@CAS,a@SSK,a@TGN,a@ASS
class@pp65,a@GGE,a@SGE,a@GEL,a@ASG,a@CAS,a@EGG,a@ELF,a@GEG
class@M1,a@SIG,a@SSI,a@IGV,a@VYG,a@GYT,a@YGY,a@CAS,a@GVY,a@ASS
class@M1,a@SSY,a@SSI,a@EQY,a@IRS,a@RSS,a@SIR,a@SYE,a@YEQ,a@CAS,a@ASS
class@M1,a@SSY,a@GKE,a@IAG,a@YGI,a@KET,a@ETQ,a@CAS,a@AGK,a@TQY,a@GIA,a@SYG,a@ASS
class@M1,a@SGR,a@DTQ,a@GRS,a@SSG,a@SAD,a@CAS,a@TQY,a@ADT,a@RSA,a@ASS
class@M1,a@SSI,a@EQY,a@IRS,a@SAY,a@SIR,a@YEQ,a@CAS,a@RSA,a@ASS,a@AYE
class@pp65,a@DGY,a@IGG,a@VDG,a@SFI,a@GYT,a@CAS,a@SSF,a@GGV,a@FIG,a@ASS,a@GVD
class@M1,a@GLA,a@CAT,a@AGG,a@GGW,a@DGL,a@WAN,a@NVL,a@VLT,a@ANV,a@GWA,a@SDG,a@TSD,a@LAG,a@ATS
class@M1,a@CAT,a@TQY,a@YVS,a@SGT,a@QET,a@LQE,a@ETQ,a@GTL,a@DYV,a@SDY,a@TSD,a@TLQ,a@VSG,a@ATS
class@M1,a@RRS,a@SSR,a@RST,a@DTQ,a@STD,a@CAS,a@TDT,a@TQY,a@ASS,a@SRR
class@M1,a@SGN,a@EQF,a@SSD,a@GNE,a@SDR,a@RSG,a@NEQ,a@CAS,a@DRS,a@ASS
class@M1,a@SGN,a@NEK,a@SSR,a@SSS,a@EKL,a@GNE,a@SRS,a@RSG,a@CAS,a@KLF,a@ASS
class@BMLF,a@DST,a@CSA,a@STG,a@GYT,a@NGY,a@GNG,a@SAR,a@RDS,a@TGN,a@ARD
class@BMLF,a@CSA,a@QTG,a@GYT,a@NGY,a@RDQ,a@DQT,a@GNG,a@SAR,a@TGN,a@ARD
class@M1,a@SSI,a@EQY,a@IRS,a@SAY,a@SIR,a@YEQ,a@CAS,a@RSA,a@ASS,a@AYE
class@M1,a@SQG,a@QGA,a@GAF,a@FGY,a@GYT,a@SSQ,a@CAS,a@AFG,a@ASS
class@pp65,a@CSA,a@DRN,a@GPE,a@TQY,a@PET,a@RNT,a@NTQ,a@TQG,a@ETQ,a@QGP,a@SAR,a@RDR,a@ARD
class@M1,a@SNQ,a@SSS,a@SQS,a@NQP,a@PQH,a@SSQ,a@CAS,a@QSN,a@QPQ,a@ASS
class@BMLF,a@CSA,a@TGN,a@RTG,a@GYT,a@NGY,a@GNG,a@SAR,a@RDR,a@DRT,a@ARD
class@M1,a@SSY,a@SSI,a@EQY,a@IRS,a@RSS,a@SIR,a@SYE,a@YEQ,a@CAS,a@ASS
class@M1,a@SGY,a@SSI,a@GYE,a@EQY,a@IRS,a@SIR,a@RSG,a@YEQ,a@CAS,a@ASS
class@M1,a@ASY,a@SSI,a@EQY,a@IRA,a@SYE,a@SIR,a@YEQ,a@RAS,a@CAS,a@ASS
class@pp65,a@PIT,a@SSP,a@TGT,a@GYT,a@SPI,a@YGY,a@ITG,a@GTG,a@CAS,a@AYG,a@GAY,a@TGA,a@ASS
class@M1,a@SGR,a@RST,a@DTQ,a@STD,a@GRS,a@SSG,a@CAS,a@TDT,a@TQY,a@ASS
class@pp65,a@RVR,a@VRY,a@DRV,a@SSD,a@GYT,a@YGY,a@CAS,a@RYG,a@DDR,a@SDD,a@ASS
class@M1,a@SSY,a@SSI,a@EQY,a@IRS,a@RSS,a@SIR,a@SYE,a@YEQ,a@CAS,a@ASS
class@BMLF,a@NEK,a@AGT,a@TNE,a@SVG,a@EKL,a@GSA,a@CSV,a@GTN,a@SAG,a@VGS,a@KLF
class@M1,a@SSY,a@VRS,a@EQY,a@RSS,a@SYE,a@SSV,a@YEQ,a@CAS,a@SVR,a@ASS
class@M1,a@SSI,a@EQY,a@IRS,a@SAY,a@SIR,a@YEQ,a@CAS,a@RSA,a@ASS,a@AYE
class@M1,a@TGT,a@TVN,a@NTE,a@AST,a@TEA,a@TTG,a@GTV,a@EAF,a@CAS,a@VNT,a@STT
class@M1,a@QDL,a@LTS,a@SSQ,a@DLT,a@SEA,a@EAF,a@CAS,a@TSE,a@ASS,a@SQD
class@BMLF,a@VAQ,a@AGG,a@DTQ,a@GGT,a@SVA,a@GTD,a@SSV,a@QLA,a@CAS,a@AQL,a@TDT,a@TQY,a@ASS,a@LAG
class@M1,a@CSA,a@EQF,a@RDG,a@RAH,a@GTR,a@TRA,a@AHY,a@YEQ,a@HYE,a@SAR,a@DGT,a@ARD
class@M1,a@CSA,a@RVR,a@GDV,a@VYG,a@GYT,a@ARV,a@VRG,a@YGY,a@DVY,a@RGD,a@SAR
class@pp65,a@SSY,a@ASY,a@TLA,a@EQY,a@SYE,a@SYT,a@LAS,a@YEQ,a@CAS,a@YTL,a@ASS
class@M1,a@IFG,a@FGG,a@SSI,a@AEA,a@EAF,a@SIF,a@CAS,a@GAE,a@ASS,a@GGA
class@M1,a@SSI,a@EQY,a@IRS,a@SAY,a@SIR,a@YEQ,a@CAS,a@RSA,a@ASS,a@AYE
class@BMLF,a@AIM,a@EQF,a@SVG,a@VGA,a@CSV,a@GAI,a@MDE,a@DEQ,a@IMD
class@pp65,a@SIV,a@VNE,a@IVN,a@SSI,a@NEA,a@EAF,a@CAS,a@ASS
class@pp65,a@SGY,a@EQF,a@SGS,a@ASS,a@YNE,a@NEQ,a@AGS,a@SAG,a@CAS,a@GSG,a@GYN,a@SSA
class@BMLF,a@NEK,a@SGG,a@TNE,a@SVG,a@GGT,a@EKL,a@CSV,a@GSG,a@VGS,a@GTN,a@KLF
class@BMLF,a@SVG,a@GGE,a@EQY,a@SSV,a@YEQ,a@CAS,a@VGG,a@GEA,a@AYE,a@ASS,a@EAY
class@M1,a@SSI,a@EQY,a@IRS,a@SIR,a@HEQ,a@CAS,a@SAH,a@AHE,a@RSA,a@ASS
class@M1,a@SSY,a@TRS,a@EQY,a@SST,a@RSS,a@SYE,a@YEQ,a@STR,a@CAS,a@ASS
class@BMLF,a@AVG,a@EQF,a@VEA,a@SVE,a@EAV,a@GIY,a@CSV,a@YNE,a@NEQ,a@IYN,a@VGD,a@GDG,a@DGI
class@BMLF,a@NEK,a@TNE,a@SVG,a@GGT,a@EKL,a@TGG,a@VGT,a@CSV,a@GTG,a@GTN,a@KLF
class@M1,a@SSY,a@SSI,a@EQY,a@IRS,a@RSS,a@SIR,a@SYE,a@YEQ,a@CAS,a@ASS
class@BMLF,a@CSA,a@EPG,a@VEP,a@GYT,a@NGY,a@ARV,a@PGN,a@GNG,a@SAR,a@RVE
class@M1,a@LVY,a@PGG,a@GGL,a@EQY,a@VPG,a@VYE,a@YEQ,a@SGL,a@ASG,a@CAS,a@LVP,a@GLV
class@pp65,a@AGG,a@EQF,a@GSY,a@SYN,a@ASS,a@YNE,a@NEQ,a@CAS,a@SAG,a@GGG,a@GGS,a@SSA
class@pp65,a@EQF,a@EGT,a@SGR,a@SVE,a@SYN,a@SSV,a@GRS,a@YNE,a@RSY,a@CAS,a@NEQ,a@VEG,a@TSG,a@GTS,a@ASS
class@M1,a@SLR,a@SSL,a@EQF,a@LRV,a@SYN,a@RVS,a@VSY,a@YNE,a@NEQ,a@CAS,a@ASS
class@M1,a@SSL,a@EQY,a@SYE,a@YEQ,a@CAS,a@SLG,a@LGT,a@TSY,a@GTS,a@ASS
class@pp65,a@NEK,a@TNE,a@EKL,a@TLW,a@AST,a@STL,a@LWS,a@CAS,a@KLF,a@WSA,a@SAT,a@ATN
class@M1,a@SSY,a@SSI,a@EQY,a@IRS,a@RSS,a@SIR,a@SYE,a@YEQ,a@CAS,a@ASS
class@M1,a@RST,a@DTQ,a@STD,a@TDT,a@ASS,a@ARS,a@CAS,a@SAR,a@TQY,a@SSA
class@M1,a@SLL,a@SSL,a@SGV,a@VSS,a@DTQ,a@LLV,a@STD,a@SST,a@GVS,a@CAS,a@LVS,a@TDT,a@TQY,a@ASS,a@VSG
class@M1,a@SSY,a@KGS,a@PLK,a@GSS,a@EQY,a@LKG,a@SYE,a@YEQ,a@CAP,a@APL
class@M1,a@SSI,a@TGE,a@IRA,a@SIR,a@GEL,a@ELF,a@CAS,a@RAT,a@ATG,a@ASS
class@pp65,a@NIQ,a@AKN,a@KNI,a@IQY,a@SIS,a@ISD,a@SDL,a@DLA,a@AWS,a@LAK,a@CAW,a@WSI
class@M1,a@ASY,a@SSI,a@EQY,a@IRA,a@SYE,a@SIR,a@YEQ,a@RAS,a@CAS,a@ASS
class@M1,a@ASY,a@SSI,a@EQY,a@IRA,a@SYE,a@SIR,a@YEQ,a@RAS,a@CAS,a@ASS
class@BMLF,a@SSL,a@QQF,a@TEQ,a@LTT,a@CAS,a@TTE,a@EQQ,a@ASS,a@SLT
class@pp65,a@SIQ,a@SSI,a@IQA,a@CAS,a@ALL,a@QAL,a@LLT,a@ASS
class@M1,a@SLL,a@SSL,a@GAG,a@AGT,a@DTQ,a@LLG,a@GTD,a@CAS,a@LGG,a@TDT,a@TQY,a@ASS,a@GGA
class@BMLF,a@VQE,a@TVQ,a@PIT,a@QET,a@SVP,a@CSV,a@ITV,a@ETQ,a@VPI,a@TQY
class@BMLF,a@SSL,a@GIN,a@EQF,a@SLW,a@WGG,a@GGI,a@CAS,a@NEQ,a@INE,a@LWG,a@ASS
class@M1,a@SSY,a@SSI,a@EQY,a@IRS,a@RSS,a@SIR,a@SYE,a@YEQ,a@CAS,a@ASS
class@M1,a@SSY,a@SSI,a@EQY,a@IRS,a@RSS,a@SIR,a@SYE,a@YEQ,a@CAS,a@ASS
class@M1,a@LGI,a@SSL,a@IYG,a@GIY,a@GYT,a@YGY,a@CAS,a@SLG,a@ASS
class@BMLF,a@NEK,a@TNE,a@SVG,a@GGT,a@EKL,a@TGG,a@VGT,a@CSV,a@GTG,a@GTN,a@KLF
class@M1,a@SSY,a@SSI,a@EQY,a@IRS,a@RSS,a@SIR,a@SYE,a@YEQ,a@CAS,a@ASS
class@BMLF,a@YAY,a@SSY,a@GSY,a@SYA,a@YDG,a@EQY,a@AYD,a@SYE,a@YEQ,a@CAS,a@DGS,a@ASS
class@M1,a@SSY,a@SSI,a@EQY,a@IRS,a@RSS,a@SIR,a@SYE,a@YEQ,a@CAS,a@ASS
class@M1,a@SSY,a@SSI,a@EQY,a@IRS,a@RSS,a@SIR,a@SYE,a@YEQ,a@CAS,a@ASS
class@M1,a@GSY,a@SIG,a@SSI,a@GYT,a@YGY,a@CAS,a@IGS,a@SYG,a@ASS
class@pp65,a@EQF,a@SGR,a@WTA,a@RWT,a@ASS,a@SSG,a@YNE,a@NEQ,a@CAS,a@AYN,a@GRW,a@TAY
class@BMLF,a@NEK,a@AGG,a@GAG,a@TNE,a@SVG,a@GGT,a@EKL,a@VGA,a@CSV,a@GTN,a@KLF
class@M1,a@SSY,a@SSI,a@EQY,a@IRS,a@RSS,a@SIR,a@SYE,a@YEQ,a@CAS,a@ASS
class@M1,a@SSY,a@SSI,a@EQY,a@IRS,a@RSS,a@SIR,a@SYE,a@YEQ,a@CAS,a@ASS
class@pp65,a@EQF,a@MTN,a@TNE,a@GPL,a@SGP,a@LMT,a@LLM,a@LLL,a@ASG,a@CAS,a@NEQ,a@PLL
class@M1,a@GGT,a@TGE,a@SST,a@KVG,a@GEL,a@GTG,a@CAS,a@ELF,a@VGG,a@STK,a@ASS,a@TKV
class@BMLF,a@TGD,a@RRS,a@SNQ,a@DRR,a@RSN,a@NQP,a@PQH,a@SVT,a@CSV,a@QPQ,a@GDR,a@VTG
class@M1,a@SSY,a@VRS,a@EQY,a@RSS,a@SYE,a@SSV,a@YEQ,a@CAS,a@SVR,a@ASS
class@BMLF,a@CSA,a@RDA,a@NGY,a@GYT,a@DAT,a@GNG,a@SAR,a@ATG,a@TGN,a@ARD
class@M1,a@SSL,a@SLS,a@LSR,a@NYG,a@GYT,a@YGY,a@RRG,a@PNY,a@CAS,a@GPN,a@ASS,a@SRR,a@RGP
class@M1,a@RST,a@DTQ,a@SSP,a@STD,a@CAS,a@PRS,a@TDT,a@TQY,a@SPR,a@ASS
class@M1,a@ASY,a@SSI,a@EQY,a@IRA,a@SYE,a@SIR,a@YEQ,a@RAS,a@CAS,a@ASS
class@M1,a@CAT,a@SDF,a@FPP,a@PGV,a@APQ,a@PQE,a@TQY,a@DFP,a@PPG,a@RGA,a@QET,a@VRG,a@GAP,a@ETQ,a@TSD,a@GVR,a@ATS
class@M1,a@SSI,a@EQY,a@IRS,a@SAY,a@SIR,a@YEQ,a@CAS,a@RSA,a@ASS,a@AYE
class@BMLF,a@SGG,a@SSL,a@SLS,a@GIN,a@EQF,a@GGI,a@CAS,a@NEQ,a@INE,a@ASS,a@LSG
class@pp65,a@SSD,a@SDA,a@AEN,a@NTE,a@TEA,a@DAE,a@EAF,a@CAS,a@ENT,a@ASS
class@M1,a@SSY,a@SSR,a@SSS,a@EQY,a@RSS,a@SRS,a@SYE,a@YEQ,a@CAS,a@ASS
class@BMLF,a@DST,a@CSA,a@STG,a@GYT,a@NGY,a@GNG,a@SAR,a@RDS,a@TGN,a@ARD
class@M1,a@SSS,a@ANY,a@SAN,a@NYG,a@GYT,a@YGY,a@ASS,a@CAS,a@SSA
class@M1,a@GLA,a@CSA,a@AGG,a@AGL,a@GSY,a@EQY,a@SYE,a@YEQ,a@AAG,a@SAA,a@GGS,a@LAG
class@M1,a@SSI,a@EQY,a@IRS,a@SAY,a@SIR,a@YEQ,a@CAS,a@RSA,a@ASS,a@AYE
class@pp65,a@SSY,a@SYQ,a@TGV,a@TGT,a@QTG,a@VYG,a@GYT,a@YGY,a@YQT,a@GTG,a@CAS,a@GVY,a@ASS
class@M1,a@SSY,a@SSI,a@EQY,a@IRS,a@RSS,a@SIR,a@SYE,a@YEQ,a@CAS,a@ASS
class@M1,a@SSR,a@SSS,a@EQY,a@SAY,a@SRS,a@YEQ,a@CAS,a@RSA,a@ASS,a@AYE
class@BMLF,a@DST,a@NEK,a@SGR,a@TNE,a@EKL,a@RED,a@EDS,a@CSG,a@KLF,a@GRE,a@STN
class@pp65,a@KGE,a@VTE,a@SKG,a@GEV,a@TEA,a@EAF,a@CAS,a@SSK,a@ASS,a@EVT
class@M1,a@SSY,a@SSI,a@EQY,a@IRS,a@RSS,a@SIR,a@SYE,a@YEQ,a@CAS,a@ASS
class@M1,a@SGR,a@RAA,a@GEL,a@SSG,a@ELF,a@CAS,a@AAG,a@AGE,a@GRA,a@ASS
class@M1,a@SGP,a@SSI,a@IRS,a@RSS,a@SIR,a@SSG,a@PQF,a@CAS,a@GPQ,a@ASS
class@BMLF,a@GLA,a@SQA,a@AGL,a@AAY,a@EQF,a@SSQ,a@YNE,a@NEQ,a@CAS,a@AYN,a@QAG,a@LAA,a@ASS
class@M1,a@SSY,a@SSI,a@EQY,a@IRS,a@RSS,a@SIR,a@SYE,a@YEQ,a@CAS,a@ASS
class@M1,a@SSY,a@SSI,a@EQY,a@IRS,a@RSS,a@SIR,a@SYE,a@YEQ,a@CAS,a@ASS
class@M1,a@SSY,a@SSI,a@EQY,a@IRS,a@RSS,a@SIR,a@SYE,a@YEQ,a@CAS,a@ASS
class@M1,a@SIG,a@SSI,a@YYG,a@GYT,a@YGY,a@CAS,a@GYY,a@ASS,a@IGY
class@M1,a@SSY,a@EQF,a@SSI,a@IRS,a@RSS,a@SIR,a@SYE,a@YEQ,a@CAS,a@ASS
class@M1,a@TRS,a@EQY,a@SST,a@SAY,a@YEQ,a@STR,a@CAS,a@RSA,a@ASS,a@AYE
class@M1,a@QDL,a@EGT,a@DTQ,a@GTD,a@SSQ,a@DLA,a@CAS,a@TDT,a@TQY,a@AGE,a@GEG,a@ASS,a@LAG,a@SQD
class@M1,a@VEA,a@SQV,a@EQY,a@AFY,a@SSQ,a@QVE,a@FYE,a@EAF,a@YEQ,a@CAS,a@ASS
class@M1,a@SSY,a@SSI,a@EQY,a@IRS,a@RSS,a@SIR,a@SYE,a@YEQ,a@CAS,a@ASS
class@M1,a@SSY,a@SSI,a@EQY,a@IRS,a@RSS,a@SIR,a@SYE,a@YEQ,a@CAS,a@ASS
class@M1,a@SIG,a@SSI,a@IGV,a@VYG,a@GYT,a@YGY,a@CAS,a@GVY,a@ASS
class@M1,a@SGR,a@RST,a@DTQ,a@STD,a@GRS,a@SSG,a@CAS,a@TDT,a@TQY,a@ASS
class@M1,a@SSY,a@SSI,a@EQY,a@IRS,a@RSS,a@SIR,a@SYE,a@YEQ,a@CAS,a@ASS
class@M1,a@SMR,a@MRA,a@RAG,a@AGY,a@GYE,a@EQY,a@YEQ,a@CAS,a@SSM,a@ASS
class@M1,a@SSL,a@DTQ,a@RPS,a@STD,a@LGD,a@TDT,a@CAS,a@SLG,a@DRP,a@PST,a@TQY,a@GDR,a@ASS
class@M1,a@DTQ,a@SSI,a@CAS,a@APT,a@PTD,a@SIA,a@TDT,a@TQY,a@IAP,a@ASS
class@M1,a@SSY,a@SSI,a@EQY,a@IRS,a@RSS,a@SIR,a@SYE,a@YEQ,a@CAS,a@ASS
class@M1,a@SGG,a@GGR,a@PQH,a@RNQ,a@NQP,a@GRN,a@SSG,a@CAS,a@QPQ,a@ASS
class@pp65,a@SSL,a@YTE,a@GRG,a@LPP,a@PPG,a@RGY,a@GYT,a@TEA,a@EAF,a@CAS,a@SLP,a@ASS,a@PGR
class@pp65,a@GLA,a@CSA,a@GHY,a@DGL,a@RDG,a@EQY,a@AGH,a@YEQ,a@HYE,a@SAR,a@ARD,a@LAG
class@M1,a@STG,a@SIS,a@SSI,a@TGE,a@SST,a@GEL,a@ELF,a@CAS,a@ISS,a@ASS
class@M1,a@KGR,a@RAY,a@EQY,a@SSQ,a@YEQ,a@CAS,a@DKG,a@QDK,a@AYE,a@GRA,a@ASS,a@SQD
class@M1,a@DRA,a@PQH,a@TQP,a@SSD,a@SDR,a@ATQ,a@CAS,a@RAT,a@QPQ,a@ASS
class@M1,a@SSY,a@SSI,a@EQY,a@IRS,a@RSS,a@SIR,a@SYE,a@YEQ,a@CAS,a@ASS
class@M1,a@NEK,a@SSR,a@SSS,a@GAA,a@EKL,a@QGA,a@ANE,a@CAS,a@KLF,a@AAN,a@SRQ,a@RQG,a@ASS
class@pp65,a@PQH,a@NQP,a@QEE,a@SQE,a@SSQ,a@EGP,a@CAS,a@GPG,a@PGN,a@EEG,a@QPQ,a@ASS,a@GNQ
class@M1,a@CAT,a@SDF,a@DFE,a@EVA,a@GSS,a@SSY,a@EQF,a@SYN,a@YNE,a@NEQ,a@AGS,a@FEV,a@TSD,a@VAG,a@ATS
class@M1,a@SSY,a@SMR,a@EQY,a@RSS,a@MRS,a@SYE,a@YEQ,a@CAS,a@SSM,a@ASS
class@M1,a@CAT,a@DNT,a@TYE,a@EQY,a@QGD,a@NTY,a@YEQ,a@ATQ,a@TQG,a@GDN
class@M1,a@ASY,a@SSI,a@EQY,a@IRA,a@SYE,a@SIR,a@YEQ,a@RAS,a@CAS,a@ASS
class@M1,a@RST,a@DTQ,a@STD,a@FRS,a@CAS,a@SSF,a@TDT,a@TQY,a@SFR,a@ASS
class@M1,a@RAG,a@AGE,a@SSV,a@ETQ,a@CAS,a@GET,a@TQY,a@SVR,a@VRA,a@ASS
class@pp65,a@ANY,a@SAN,a@NYG,a@GYT,a@YGY,a@CAS,a@SAS,a@ASA
class@M1,a@SSY,a@SSI,a@EQY,a@IRS,a@RSS,a@SIR,a@SYE,a@YEQ,a@CAS,a@ASS
class@M1,a@SSY,a@SSR,a@SSS,a@EQY,a@RSS,a@SRS,a@SYE,a@YEQ,a@CAS,a@ASS
class@pp65,a@SGR,a@SEE,a@ESG,a@AEQ,a@RAA,a@EQY,a@AAE,a@EES,a@SSE,a@CAS,a@GRA,a@ASS
class@pp65,a@RDP,a@CSA,a@PSG,a@GLA,a@AGG,a@ARD,a@LAE,a@GGL,a@SGL,a@ETQ,a@SAR,a@TQY,a@AET,a@DPS,a@LAG
class@BMLF,a@CSA,a@RDG,a@GYT,a@NGY,a@GTG,a@GNG,a@SAR,a@DGT,a@TGN,a@ARD
class@M1,a@SSY,a@SSR,a@SSS,a@EQY,a@RSS,a@SRS,a@SYE,a@YEQ,a@CAS,a@ASS
class@M1,a@RST,a@DTQ,a@SSI,a@STD,a@IRS,a@SIR,a@CAS,a@TDT,a@TQY,a@ASS
